구분별(1),구분별(2),ageIdx,houseIdx
연령별,20대 이하,0.18115942028985507,0.0
연령별,30대,0.18115942028985507,0.0
연령별,40대,0.2192028985507246,0.0
연령별,50대,0.2246376811594203,0.0
연령별,60세 이상,0.1938405797101449,0.0
주택형태,단독주택,0.0,0.23049645390070925
주택형태,아파트,0.0,0.3014184397163121
주택형태,다세대주택,0.0,0.24231678486997638
주택형태,연립/기타,0.0,0.22576832151300238
