위도,경도,accNum,demandNum,infraNum,공원명
37.517649,126.848293,0.0932058757,0.597795814,0.853890203,신월2동소공원
37.513034,126.840467,0.0729868157,0.6066866,0.72011933,넘은들공원
37.535016,126.877154,1.0,0.234398672,0.866815613,파리공원
37.543498,126.868468,0.0711850818,0.55485676,0.750620657,달마을근린공원
37.514612,126.856483,0.274480578,0.0,0.800198625,신트리공원
37.528443,126.830473,0.123100848,0.0242583809,0.81970626,서서울호수공원
