위도,경도,accNum,demandNum,infraNum,공원명
37.521958,126.867486,0.2846336040866806,1.0,1.0,꿈동산어린이공원
37.535258,126.868666,0.2110387368311545,0.7894819043407213,0.7847210449,모세미어린이공원
37.524624,126.856207,0.0979671526595081,0.8157107909758086,0.7590806385,안산어린이공원
37.517649,126.848293,0.0932058756794617,0.5977958140984215,0.8538902029,신월2동소공원
37.545207,126.865033,0.0008241878969038,0.7192755387797277,0.6774836457,백석어린이공원
37.511144,126.839205,0.3792537826099044,0.3226420222886654,0.3903309393,넓은들어린이공원
